{
    "1": {
        "method": "createTable",
        "params": [
            {
                "name": "nexus_donate_logs",
                "columns": {
                    "dl_id": {
                        "allow_null": false,
                        "auto_increment": true,
                        "binary": false,
                        "comment": "",
                        "decimals": null,
                        "default": null,
                        "length": 10,
                        "name": "dl_id",
                        "type": "INT",
                        "unsigned": true,
                        "values": [],
                        "zerofill": false
                    },
                    "dl_goal": {
                        "allow_null": true,
                        "auto_increment": false,
                        "binary": false,
                        "comment": "",
                        "decimals": null,
                        "default": null,
                        "length": 10,
                        "name": "dl_goal",
                        "type": "INT",
                        "unsigned": false,
                        "values": [],
                        "zerofill": false
                    },
                    "dl_member": {
                        "allow_null": true,
                        "auto_increment": false,
                        "binary": false,
                        "comment": "",
                        "decimals": null,
                        "default": null,
                        "length": 8,
                        "name": "dl_member",
                        "type": "MEDIUMINT",
                        "unsigned": false,
                        "values": [],
                        "zerofill": false
                    },
                    "dl_amount": {
                        "allow_null": true,
                        "auto_increment": false,
                        "binary": false,
                        "comment": "",
                        "decimals": null,
                        "default": null,
                        "length": 0,
                        "name": "dl_amount",
                        "type": "FLOAT",
                        "unsigned": false,
                        "values": [],
                        "zerofill": false
                    },
                    "dl_invoice": {
                        "allow_null": true,
                        "auto_increment": false,
                        "binary": false,
                        "comment": "",
                        "decimals": null,
                        "default": null,
                        "length": 10,
                        "name": "dl_invoice",
                        "type": "INT",
                        "unsigned": false,
                        "values": [],
                        "zerofill": false
                    },
                    "dl_date": {
                        "allow_null": true,
                        "auto_increment": false,
                        "binary": false,
                        "comment": "",
                        "decimals": null,
                        "default": null,
                        "length": 10,
                        "name": "dl_date",
                        "type": "INT",
                        "unsigned": false,
                        "values": [],
                        "zerofill": false
                    }
                },
                "indexes": {
                    "PRIMARY": {
                        "type": "primary",
                        "name": "PRIMARY",
                        "length": [
                            null
                        ],
                        "columns": [
                            "dl_id"
                        ]
                    }
                },
                "collation": "utf8mb4_unicode_ci"
            }
        ]
    }
}