{
    "1": {
        "method": "changeColumn",
        "params": [
            "nexus_customer_history",
            "log_by",
            {
                "name": "log_by",
                "type": "MEDIUMINT",
                "length": 8,
                "decimals": null,
                "values": [],
                "allow_null": true,
                "default": "0",
                "comment": "",
                "unsigned": false,
                "zerofill": false,
                "auto_increment": false,
                "binary": false
            }
        ]
    }
}