{"app=nexus&module=payments&controller=paymentsettings&tab=currencies":{"lang_key":"currencies","restriction":"currencies_manage","keywords":["currency","currencies","dollar","pound","euro","money"]},"app=nexus&module=payments&controller=paymentsettings&tab=gateways":{"lang_key":"payment_methods","restriction":"gateways_manage","keywords":["gateways","methods","bank","paypal","cards","credit","debit","credit cards","stripe","sagepay","sage pay","2checkout","authorize.net","auth.net","checks","cheques"]},"app=nexus&module=payments&controller=paymentsettings&tab=tax":{"lang_key":"tax_rates","restriction":"tax_manage","keywords":["tax","vat","sales tax"]},"app=nexus&module=payments&controller=paymentsettings&tab=checkoutsettings&searchResult=form_nexus_https":{"lang_key":"nexus_https","restriction":"checkout_settings","keywords":["https","secure","ssl"]},"app=nexus&module=payments&controller=paymentsettings&tab=checkoutsettings&searchResult=form_nexus_split_payments_on":{"lang_key":"nexus_split_payments_on","restriction":"checkout_settings","keywords":["split","cards"]},"app=nexus&module=payments&controller=paymentsettings&tab=checkoutsettings&searchResult=form_nexus_tac":{"lang_key":"nexus_tac","restriction":"checkout_settings","keywords":["terms and conditions","checkout"]},"app=nexus&module=payments&controller=paymentsettings&tab=checkoutsettings":{"lang_key":"checkout_settings","restriction":"checkout_settings","keywords":["checkout"]},"app=nexus&module=payments&controller=invoices":{"lang_key":"menu__nexus_payments_invoices","restriction":"invoices_manage","keywords":["invoices","orders"]},"app=nexus&module=payments&controller=invoices&do=settings&searchResult=form_cm_invoice_expireafter":{"lang_key":"cm_invoice_expireafter","restriction":"invoices_settings","keywords":["invoices"]},"app=nexus&module=payments&controller=invoices&do=settings&searchResult=form_cm_invoice_generate":{"lang_key":"cm_invoice_generate","restriction":"invoices_settings","keywords":["invoices","renewal"]},"app=nexus&module=payments&controller=invoices&do=settings&searchResult=form_cm_invoice_warning":{"lang_key":"cm_invoice_warning","restriction":"invoices_settings","keywords":["invoices","renewal","cards"]},"app=nexus&module=payments&controller=shippingrates":{"lang_key":"shipping_rates","restriction":"shipmethods_manage","keywords":["shipping","shipments","orders","usps","mail","post","fedex","ups","royal mail","airmail","air mail","tracking"]},"app=nexus&module=support&controller=settings&tab=departments":{"lang_key":"departments","restriction":"departments_manage","keywords":["departments","categories","email"]},"app=nexus&module=support&controller=settings&tab=severities":{"lang_key":"severities","restriction":"severities_manage","keywords":["severity","severities","critical","urgent","urgency","emergency"]},"app=nexus&module=support&controller=settings&tab=statuses":{"lang_key":"statuses","restriction":"settings_manage","keywords":["statuses","open","closed","resolved","tags"]},"app=nexus&module=support&controller=settings&tab=stockactions":{"lang_key":"stock_actions","restriction":"stockactions_manage","keywords":["stock actions","stock replies","stock messages","stock","preset","pre set","predefined","pre defined","defined"]},"app=nexus&module=support&controller=settings&tab=fields":{"lang_key":"custom_support_fields","restriction":"scfields_manage","keywords":["custom support fields","support custom fields","support form","support fields","ticket fields","ticket information","support information","ticket custom fields","custom ticket fields"]},"app=nexus&module=support&controller=settings&tab=autoresolve":{"lang_key":"autoresolve","restriction":"autoresolve_manage","keywords":["resolve","autoresolve","auto-resolve","auto resolve","automatic resolve","automatically resolve"]},"app=nexus&module=support&controller=settings&tab=customerfeedback":{"lang_key":"customer_feedback","restriction":"customerfeedback_manage","keywords":["feedback","satisfaction","ratings","performance"]},"app=nexus&module=support&controller=settings&tab=outgoingemail":{"lang_key":"outgoing_emails","restriction":"outgoingemail_manage","keywords":["support emails","ticket emails"]},"app=nexus&module=support&controller=settings&tab=outgoingemail&searchResult=form_nexus_sout_chrome":{"lang_key":"nexus_sout_chrome","restriction":"settings_manage","keywords":["email format","email template"]},"app=nexus&module=support&controller=settings&tab=outgoingemail&searchResult=form_nexus_sout_from":{"lang_key":"nexus_sout_from","restriction":"settings_manage","keywords":["email from"]},"app=nexus&module=support&controller=settings&tab=outgoingemail&searchResult=form_nexus_sout_autoreply":{"lang_key":"nexus_sout_autoreply","restriction":"settings_manage","keywords":["support confirmation","ticket confirmation"]},"app=nexus&module=support&controller=settings&tab=incomingemail":{"lang_key":"incoming_emails","restriction":"incomingemail_manage","keywords":["incoming emails","support emails","ticket emails","email piping","pop3","email filters","spam filters"]},"app=nexus&module=payments&controller=invoices&do=settings&searchResult=form_nexus_invoice_header":{"lang_key":"nexus_invoice_header","restriction":"invoices_manage","keywords":["invoice header"]},"app=nexus&module=payments&controller=invoices&do=settings&searchResult=form_nexus_invoice_footer":{"lang_key":"nexus_invoice_footer","restriction":"invoices_manage","keywords":["invoice footer"]},"app=nexus&module=payments&controller=donations":{"lang_key":"menu__nexus_payments_donations","restriction":"donations_manage","keywords":["donate","donations","goals"]},"app=nexus&module=payments&controller=payouts":{"lang_key":"menu__nexus_payments_payouts","restriction":"payouts_manage","keywords":["withdrawals","payouts","pay outs","credit","account credit"]},"app=nexus&module=payments&controller=payouts&do=settings&searchResult=form_nexus_no_commission":{"lang_key":"nexus_no_commission","restriction":"payouts_settings","keywords":["commission","no commission","comission","comision","commission"]},"app=nexus&module=payments&controller=payouts&do=settings&searchResult=form_nexus_payout":{"lang_key":"nexus_payout","restriction":"payouts_settings","keywords":["payouts","pay outs","withdrawals","paypal","check","cheque","bank","stripe"]},"app=nexus&module=payments&controller=payouts&do=settings&searchResult=nexus_payout_min":{"lang_key":"nexus_payout_min","restriction":"payouts_manage","keywords":["minimum withdrawal","minimum payout","minimum pay out"]},"app=nexus&module=payments&controller=payouts&do=settings&searchResult=nexus_payout_approve":{"lang_key":"nexus_payout_approve","restriction":"payouts_manage","keywords":["withdrawal approve","payout approve","pay out approve","approve withdrawals","approve payouts","approve pay outs"]},"app=nexus&module=payments&controller=payouts&do=settings":{"lang_key":"menu__nexus_payments_payouts","restriction":"payouts_manage","keywords":["credit","account credit","withdrawals","payouts","pay out","credit settings","account credit settings","withdrawal settings","withdrawals settings","payouts settings","payout settings","pay out settings","pay outs settings"]},"app=nexus&module=payments&controller=payouts&do=settings&searchResult=form_allow_topups":{"lang_key":"allow_topups","restriction":"payouts_manage","keywords":["topups","top ups","add credit","buy credit"]},"app=nexus&module=payments&controller=payouts&do=settings&searchResult=nexus_max_credit":{"lang_key":"nexus_max_credit","restriction":"payouts_manage","keywords":["maximum credit","maximum account credit"]},"app=nexus&module=payments&controller=paymentsettings&tab=checkoutsettings&searchResult=form_nexus_checkreg_usernames":{"lang_key":"nexus_checkreg_usernames","restriction":null,"keywords":["guest checkout","guest check out","guest purchases","guest full name","full name","guest username","guest display name"]},"app=nexus&module=payments&controller=paymentsettings&tab=fraud":{"lang_key":"anti_fraud_rules","restriction":"fraud_manage","keywords":["fraud","fraud rules","anti-fraud rules","antifraud rules","anti fraud rules"]},"app=nexus&module=payments&controller=paymentsettings&tab=review":{"lang_key":"transaction_review","restriction":null,"keywords":["transaction review","hold for review","transaction flag","flag for review"]},"app=nexus&module=payments&controller=paymentsettings&tab=emails":{"lang_key":"notification_copies","restriction":null,"keywords":["emails","nexus emails","invoice emails","payment emails","transaction emails","customer emails","store emails"]},"app=nexus&module=customers&controller=search":{"lang_key":"menu__nexus_customers_search","restriction":"customers_view","keywords":["customers","clients"]},"app=nexus&module=customers&controller=fields":{"lang_key":"menu__nexus_customers_fields","restriction":null,"keywords":["customer fields","custom fields","custom customer fields","nexus fields","custom nexus fields"]},"app=nexus&module=customers&controller=referrals":{"lang_key":"menu__nexus_customers_referrals","restriction":"referrals_manage","keywords":["referrals","referals","refer","reffer","commission","comission","commision","comision"]},"app=nexus&module=support&controller=requests":{"lang_key":"menu__nexus_support_requests","restriction":"requests_manage","keywords":["support","support requests","tickets","support tickets"]},"app=nexus&module=support&controller=reports":{"lang_key":"menu__nexus_support_reports","restriction":"reports_manage","keywords":["support performance","staff performance","support staff","support replies","customer feedback","customer satisfaction","support reviews","support reports","support ratings"]},"app=nexus&module=store&controller=fields":{"lang_key":"menu__nexus_store_fields","restriction":"package_fields_manage","keywords":["package fields","product fields","custom package fields","custom product fields"]},"app=nexus&module=store&controller=settings&searchResult=form_nexus_show_tax":{"lang_key":"nexus_show_tax","restriction":"settings_manage","keywords":["tax","vat","sales tax"]},"app=nexus&module=store&controller=settings&searchResult=form_nexus_show_stock":{"lang_key":"nexus_show_stock","restriction":"settings_manage","keywords":["stock","show stock","stock levels","show stock levels"]},"app=nexus&module=store&controller=packages":{"lang_key":"menu__nexus_store_packages","restriction":"packages_manage","keywords":["packages","products","store","items","hosting plans","hosting","plans","stock"]},"app=nexus&module=store&controller=settings&searchResult=form_nexus_reg_force":{"lang_key":"nexus_reg_force","restriction":"settings_manage","keywords":["register","registration"]},"app=nexus&module=store&controller=settings&searchResult=form_nexus_minimum_order":{"lang_key":"nexus_minimum_order","restriction":"settings_manage","keywords":["minimum purchase","minimum order","minimum order amount"]},"app=nexus&module=store&controller=settings&searchResult=form_cm_protected":{"lang_key":"cm_protected","restriction":"settings_manage","keywords":["protected groups"]},"app=nexus&module=store&controller=settings&searchResult=form_nexus_gift_vouchers":{"lang_key":"nexus_gift_vouchers","restriction":"settings_manage","keywords":["gift vouchers","vouchers","gift cards"]},"app=nexus&module=hosting&controller=queues":{"lang_key":"menu__nexus_hosting_queues","restriction":"queues_manage","keywords":["hosting","servers","queues","server queues","server groups"]},"app=nexus&module=hosting&controller=servers":{"lang_key":"menu__nexus_hosting_servers","restriction":"servers_manage","keywords":["hosting","servers","cpanel","whm","audit"]},"app=nexus&module=hosting&controller=monitoring":{"lang_key":"menu__nexus_hosting_monitoring","restriction":null,"keywords":["monitoring","server monitoring","expected output monitoring","output monitoring","online","offline","server reporting","server reports"]},"app=nexus&module=hosting&controller=monitoring&searchResult=network_status":{"lang_key":"network_status","restriction":null,"keywords":["server status","network status","online","offline"]},"app=nexus&module=hosting&controller=errors":{"lang_key":"menu__nexus_hosting_errors","restriction":"errors_manage","keywords":["server errors","hosting errors","cpanel","whm","server api"]},"app=nexus&module=hosting&controller=settings&searchResult=form_nexus_hosting_terminate":{"lang_key":"nexus_hosting_terminate","restriction":"settings_manage","keywords":["terminate"]},"app=nexus&module=hosting&controller=settings&searchResult=form_domain_options":{"lang_key":"domain_options","restriction":"settings_manage","keywords":["domains","enom","subdomains"]},"app=nexus&module=hosting&controller=settings&searchResult=nexus_hosting_nameservers":{"lang_key":"nexus_hosting_nameservers","restriction":"settings_manage","keywords":["nameservers","name servers","dns"]},"app=nexus&module=hosting&controller=settings&searchResult=nexus_hosting_subdomains":{"lang_key":"nexus_hosting_subdomains","restriction":"settings_manage","keywords":["subdomains"]},"app=nexus&module=payments&controller=transactions":{"lang_key":"menu__nexus_payments_transactions","restriction":"transactions_manage","keywords":["transactions","payments","approve","sales"]},"app=nexus&module=payments&controller=shipping":{"lang_key":"menu__nexus_payments_shipping","restriction":"shiporders_manage","keywords":["shipping","shipments","orders","postage","handling"]},"app=nexus&module=store&controller=coupons":{"lang_key":"menu__nexus_store_coupons","restriction":"coupons_manage","keywords":["coupons","vouchers","discounts","gift","promotions"]},"app=nexus&module=store&controller=settings&searchResult=form_nexus_store_new":{"lang_key":"nexus_store_new","restriction":"settings_manage","keywords":["new products"]},"app=nexus&module=store&controller=settings&searchResult=form_nexus_store_popular":{"lang_key":"nexus_store_popular","restriction":"settings_manage","keywords":["popular products","best sellers"]},"app=nexus&module=hosting&controller=settings":{"lang_key":"menu__nexus_hosting_settings","restriction":"settings_manage","keywords":["bandwidth","hosting settings","servers"]},"app=nexus&module=support&controller=volume":{"lang_key":"menu__nexus_support_volume","restriction":"volume_manage","keywords":["support statistics"]},"app=nexus&module=reports&controller=purchases":{"lang_key":"menu__nexus_reports_purchases","restriction":"purchases_manage","keywords":["sales","orders"]},"app=nexus&module=reports&controller=income":{"lang_key":"menu__nexus_reports_income","restriction":"income_manage","keywords":["income","revenue"]},"app=nexus&module=reports&controller=markets":{"lang_key":"menu__nexus_reports_markets","restriction":"markets_manage","keywords":["markets","regional sales"]}}