{
    "10000": "1.0 Alpha 1",
    "10001": "1.0 Alpha 2",
    "10002": "1.0 Alpha 3",
    "10003": "1.0 Alpha 4",
    "10004": "1.0 Alpha 5",
    "10005": "1.0 Alpha 6",
    "10006": "1.0 Beta 1",
    "10007": "1.0 Beta 2",
    "10008": "1.0 Beta 3",
    "10009": "1.0 Beta 4",
    "10010": "1.0 Beta 5",
    "10011": "1.0 Beta 6",
    "10012": "1.0 Beta 7",
    "10013": "1.0 Beta 8",
    "10014": "1.0.0",
    "10015": "1.0.1",
    "10016": "1.0.2",
    "10017": "1.0.3",
    "10100": "1.1.0 Alpha 1",
    "10101": "1.1.0 Alpha 2",
    "10102": "1.1.0 Alpha 3",
    "10103": "1.1.0 Alpha 4",
    "10104": "1.1.0 Alpha 5",
    "10105": "1.1.0 Beta 1",
    "11000": "1.1.0",
    "11001": "1.1.1",
    "11002": "1.1.2",
    "11003": "1.1.3",
    "11100": "1.2 Alpha 1",
    "11101": "1.2 Alpha 2",
    "11102": "1.2 Alpha 3",
    "11103": "1.2 Alpha 4",
    "11104": "1.2 Beta 1",
    "11105": "1.2 Beta 2",
    "11106": "1.2 Beta 3",
    "11107": "1.2 Beta 4",
    "11108": "1.2 Beta 5",
    "11109": "1.2.0",
    "12001": "1.2.1",
    "12002": "1.2.2",
    "12100": "1.3.0 Alpha 1",
    "13000": "1.3.0",
    "13001": "1.3.0 Beta 2",
    "13002": "1.3.0",
    "13003": "1.3.1",
    "13004": "1.3.2",
    "14000": "1.4.0 Beta 1",
    "14001": "1.4.0 Beta 2",
    "14002": "1.4.0",
    "14003": "1.4.1",
    "14004": "1.4.2",
    "15000": "1.5.0 Alpha 1",
    "15001": "1.5.0 Alpha 2",
    "15002": "1.5.0 Alpha 3",
    "15003": "1.5.0 Beta 1",
    "15004": "1.5.0 Beta 2",
    "15005": "1.5.0",
    "15006": "1.5.1",
    "15007": "1.5.2",
    "15008": "1.5.3",
    "15009": "1.5.4",
    "15010": "1.5.5",
    "15011": "1.5.6",
    "15012": "1.5.7",
    "15013": "1.5.8",
    "15014": "1.5.9",
    "40000": "4.0.0",
    "100000": "4.0.0 Beta 0",
    "100001": "4.0.0 Beta 1",
    "100002": "4.0.0 Beta 2",
    "100003": "4.0.0 Beta 3",
    "100004": "4.0.0 Beta 3a",
    "100005": "4.0.0 Beta 4",
    "100006": "4.0.0 Beta 4a",
    "100007": "4.0.0 Beta 4b",
    "100008": "4.0.0 Beta 5",
    "100009": "4.0.0 Beta 5a",
    "100010": "4.0.0 Beta 6",
    "100011": "4.0.0 Beta 7",
    "100012": "4.0.0 Beta 7a",
    "100013": "4.0.0 Beta 8",
    "100014": "4.0.0 RC1",
    "100015": "4.0.0 RC2",
    "100016": "4.0.0 RC3",
    "100017": "4.0.0 RC4",
    "100018": "4.0.0 RC5",
    "100019": "4.0.0 RC5a",
    "100020": "4.0.0 RC6",
    "100021": "4.0.0 RC7",
    "100022": "4.0.0 RC7a",
    "100023": "4.0.0",
    "100024": "4.0.1",
    "100025": "4.0.2",
    "100026": "4.0.3",
    "100027": "4.0.4",
    "100028": "4.0.5",
    "100029": "4.0.5.1",
    "100030": "4.0.6",
    "100031": "4.0.6.1",
    "100032": "4.0.7",
    "100033": "4.0.8",
    "100034": "4.0.8.1",
    "100035": "4.0.9",
    "100036": "4.0.9.1",
    "100037": "4.0.9.2",
    "100038": "4.0.10",
    "100039": "4.0.10.1",
    "100040": "4.0.10.2",
    "100041": "4.0.11",
    "100042": "4.0.12",
    "100043": "4.0.12.1",
    "100044": "4.0.13",
    "100045": "4.0.13.1",
    "101000": "4.1.0 Beta 1",
    "101001": "4.1.0 Beta 2",
    "101002": "4.1.0 Beta 3",
    "101003": "4.1.0 Beta 4",
    "101004": "4.1.0 Beta 5",
    "101005": "4.1.0 Beta 6",
    "101006": "4.1.0 Beta 7",
    "101007": "4.1.0 Beta 8",
    "101008": "4.1.0 Beta 9",
    "101009": "4.1.0 Beta 10",
    "101010": "4.1.0",
    "101011": "4.1.1",
    "101012": "4.1.2",
    "101013": "4.1.3",
    "101014": "4.1.3.1",
    "101015": "4.1.3.2",
    "101016": "4.1.4",
    "101017": "4.1.4.1",
    "101018": "4.1.5",
    "101019": "4.1.5.1",
    "101020": "4.1.5.2",
    "101021": "4.1.6",
    "101022": "4.1.6.1",
    "101023": "4.1.7",
    "101024": "4.1.8",
    "101025": "4.1.8.1",
    "101026": "4.1.9",
    "101027": "4.1.10",
    "101028": "4.1.11",
    "101029": "4.1.11.1",
    "101030": "4.1.12"
}