{
    "pendingActions": {
        "class": "\\IPS\\Widget",
        "restrict": [
            "sidebar",
            "cms"
        ],
        "default_area": "",
        "allow_reuse": false,
        "menu_style": "menu",
        "embeddable": true
    },
    "donations": {
        "class": "\\IPS\\Widget\\StaticCache",
        "restrict": [
            "sidebar",
            "cms"
        ],
        "default_area": "",
        "allow_reuse": false,
        "menu_style": "menu",
        "embeddable": true
    }
}