{
    "1": {
        "method": "addColumn",
        "params": [
            "nexus_packages",
            {
                "name": "p_date_added",
                "type": "INT",
                "length": 10,
                "decimals": null,
                "values": [],
                "allow_null": false,
                "default": null,
                "comment": "",
                "unsigned": true,
                "zerofill": false,
                "auto_increment": false,
                "binary": false
            }
        ]
    },
    "2": {
        "method": "addColumn",
        "params": [
            "nexus_packages",
            {
                "name": "p_rating",
                "type": "FLOAT",
                "length": null,
                "decimals": null,
                "values": [],
                "allow_null": false,
                "default": "0",
                "comment": "",
                "unsigned": false,
                "zerofill": false,
                "auto_increment": false,
                "binary": false
            }
        ]
    }
}