{
    "1": {
        "method": "addColumn",
        "params": [
            "nexus_packages",
            {
                "name": "p_unapproved_reviews",
                "type": "INT",
                "length": 10,
                "decimals": null,
                "values": [],
                "allow_null": true,
                "default": null,
                "comment": "",
                "unsigned": true,
                "zerofill": false,
                "auto_increment": false,
                "binary": false
            }
        ]
    },
    "2": {
        "method": "addColumn",
        "params": [
            "nexus_packages",
            {
                "name": "p_hidden_reviews",
                "type": "INT",
                "length": 10,
                "decimals": null,
                "values": [],
                "allow_null": true,
                "default": null,
                "comment": "",
                "unsigned": true,
                "zerofill": false,
                "auto_increment": false,
                "binary": false
            }
        ]
    }
}